<?xml version="1.0" encoding="UTF-8" ?>
<!DOCTYPE mapper PUBLIC "-//mybatis.org//DTD Mapper 3.0//EN" "http://mybatis.org/dtd/mybatis-3-mapper.dtd">
<mapper namespace="com.itdaima.modules.front.dao.CommentDao">
    <sql id="commentColumns">
        a.id AS "id",
        a.content AS "content",
        a.article_id AS "articleId",
        a.reply_user_name AS "replyUserName",
        a.remarks AS "remarks",
        a.create_by AS "createBy.id",
        a.create_date AS "createDate",
        a.update_by AS "updateBy.id",
        a.update_date AS "updateDate",
        a.del_flag AS "delFlag"
    </sql>

    <select id="get" resultType="Comment">
        SELECT
        <include refid="commentColumns"/>
        FROM it_comment a
        WHERE a.id = #{id}
    </select>

    <select id="findList" resultType="Comment">
        SELECT
        <include refid="commentColumns"/>,
        b.id AS "user.id",
        b.login_name AS "user.loginName",
        b.photo AS "user.photo"
        FROM it_comment a LEFT JOIN sys_user b ON a.create_by = b.id
        <where>
            <if test="articleId!=null and articleId!=''">
              AND a.article_id = #{articleId}
            </if>
        </where>
        ORDER BY a.update_date DESC
    </select>

    <insert id="insert">
        INSERT INTO it_comment(
        id,
        content,
        article_id,
        reply_user_name,
        create_by,
        create_date,
        update_by,
        update_date,
        remarks,
        del_flag
        ) VALUES (
        #{id},
        #{content},
        #{articleId},
        #{replyUserName},
        #{createBy.id},
        #{createDate},
        #{updateBy.id},
        #{updateDate},
        #{remarks},
        #{delFlag}
        )
    </insert>

</mapper>