<?xml version="1.0" encoding="UTF-8"?>
<ehcache updateCheck="false" name="defaultCache">
<!-- 
	<cacheManagerPeerProviderFactory class="net.sf.ehcache.distribution.RMICacheManagerPeerProviderFactory"
		properties="peerDiscovery=manual, socketTimeoutMillis=2000, rmiUrls=//localhost:40001/defaultCache" />
	<cacheManagerPeerListenerFactory class="net.sf.ehcache.distribution.RMICacheManagerPeerListenerFactory"
		properties="hostName=localhost, port=40000, socketTimeoutMillis=2000"/> -->
		
	<cacheManagerPeerProviderFactory class="net.sf.ehcache.distribution.RMICacheManagerPeerProviderFactory"
		properties="peerDiscovery=automatic,multicastGroupAddress=230.0.0.1, multicastGroupPort=4446" />
	<cacheManagerPeerListenerFactory class="net.sf.ehcache.distribution.RMICacheManagerPeerListenerFactory" />

	<diskStore path="../temp/itdaima/ehcache" />

	<!-- 默认缓存配置. -->
	<defaultCache maxEntriesLocalHeap="1000" eternal="false" timeToIdleSeconds="300" timeToLiveSeconds="600"
		overflowToDisk="true" statistics="true">
		<cacheEventListenerFactory class="net.sf.ehcache.distribution.RMICacheReplicatorFactory"
			properties="replicatePuts=false,replicateUpdatesViaCopy=false"/>
    </defaultCache>
	
	<!-- 系统缓存 -->
	<cache name="sysCache" maxEntriesLocalHeap="1000" eternal="true" overflowToDisk="true" statistics="true">
		<cacheEventListenerFactory class="net.sf.ehcache.distribution.RMICacheReplicatorFactory"/>
    </cache>
    
    <!-- 用户缓存 -->
	<cache name="userCache" maxEntriesLocalHeap="1000" eternal="true" overflowToDisk="true" statistics="true">
		<cacheEventListenerFactory class="net.sf.ehcache.distribution.RMICacheReplicatorFactory"/>
    </cache>
    
    <!-- 用户缓存 -->
	<cache name="corpCache" maxEntriesLocalHeap="1000" eternal="true" overflowToDisk="true" statistics="true">
		<cacheEventListenerFactory class="net.sf.ehcache.distribution.RMICacheReplicatorFactory"/>
    </cache>
    
	<!-- 内容管理模块缓存 -->
	<cache name="cmsCache" maxEntriesLocalHeap="100" eternal="true" overflowToDisk="true" statistics="true">
		<cacheEventListenerFactory class="net.sf.ehcache.distribution.RMICacheReplicatorFactory"/>
    </cache>
	
	<!-- 工作流模块缓存 -->
	<cache name="actCache" maxEntriesLocalHeap="100" eternal="true" overflowToDisk="true">
		<cacheEventListenerFactory class="net.sf.ehcache.distribution.RMICacheReplicatorFactory"/>
	</cache>

    <!-- 简单页面缓存 -->
    <cache name="pageCachingFilter" maxEntriesLocalHeap="1000" eternal="false" timeToIdleSeconds="120"
    	timeToLiveSeconds="120" overflowToDisk="true" memoryStoreEvictionPolicy="LFU" statistics="true">
		<cacheEventListenerFactory class="net.sf.ehcache.distribution.RMICacheReplicatorFactory"
			properties="replicateAsynchronously=true, replicatePuts=true, replicateUpdates=true,
				replicateUpdatesViaCopy=false, replicateRemovals=true "/>
    </cache>
	
	<!-- 系统活动会话缓存 -->
    <cache name="activeSessionsCache" maxEntriesLocalHeap="10000" eternal="true" overflowToDisk="true"
           diskPersistent="true" diskExpiryThreadIntervalSeconds="600" statistics="true">
		<cacheEventListenerFactory class="net.sf.ehcache.distribution.RMICacheReplicatorFactory"
			properties="replicateAsynchronously=true, replicatePuts=true, replicateUpdates=true,
				replicateUpdatesViaCopy=false, replicateRemovals=true "/>
    </cache>
	
</ehcache>