<?xml version="1.0" encoding="UTF-8" ?>
<!DOCTYPE mapper PUBLIC "-//mybatis.org//DTD Mapper 3.0//EN" "http://mybatis.org/dtd/mybatis-3-mapper.dtd">
<mapper namespace="com.itdaima.modules.sys.dao.ArticleDao">
    <sql id="articleColumns">
        a.id AS "id",
        a.title AS "title",
        a.type AS "type",
        a.article_type AS "articleType",
        a.keywords AS "keywords",
        a.content AS "content",
        a.hits AS "hits",
        a.is_auditing AS "isAuditing",
        a.remarks AS "remarks",
        a.create_by AS "createBy.id",
        a.create_date AS "createDate",
        a.update_by AS "updateBy.id",
        a.update_date AS "updateDate",
        a.del_flag AS "delFlag"
    </sql>

    <select id="get" resultType="Article">
        SELECT
          <include refid="articleColumns"/>,
            b.id AS "user.id",
            b.login_name AS "user.loginName",
            b.photo AS "user.photo"
        FROM it_article a LEFT JOIN sys_user b ON a.create_by = b.id
        WHERE a.id = #{id}
    </select>

    <select id="findList" resultType="Article">
        SELECT
          <include refid="articleColumns"/>,
            b.id AS "user.id",
            b.login_name AS "user.loginName",
            b.photo AS "user.photo"
        FROM it_article a LEFT JOIN sys_user b ON a.create_by = b.id
        <where>
            a.del_flag = #{DEL_FLAG_NORMAL}
            <if test="type!='' and type!=null ">
               AND a.type = #{type}
            </if>
            <if test="isAuditing!='' and isAuditing!=null ">
                AND a.is_auditing = #{isAuditing}
            </if>
            <if test="title!='' and title!=null ">
                AND a.title LIKE CONCAT('%', #{title}, '%')
            </if>
            <if test="articleType!='' and articleType!=null ">
                AND a.article_type = #{articleType}
            </if>
        </where>
        ORDER BY a.update_date DESC
    </select>

    <insert id="insert">
        INSERT INTO it_article(
        id,
        title,
        type,
        article_type,
        keywords,
        content,
        hits,
        is_auditing,
        create_by,
        create_date,
        update_by,
        update_date,
        remarks,
        del_flag
        ) VALUES (
        #{id},
        #{title},
        #{type},
        #{articleType},
        #{keywords},
        #{content},
        #{hits},
        #{isAuditing},
        #{createBy.id},
        #{createDate},
        #{updateBy.id},
        #{updateDate},
        #{remarks},
        #{delFlag}
        )
    </insert>

    <!--点击数+1-->
    <update id="updateHits">
        UPDATE it_article SET
          hits = hits+1
        WHERE id = #{id}
    </update>

    <update id="update">
        UPDATE it_article a SET
            a.title = #{title},
            a.article_type = #{articleType},
            a.keywords = #{keywords},
            a.content = #{content},
            a.is_auditing = #{isAuditing},
            a.update_by = #{updateBy.id},
            a.update_date = #{updateDate}
        WHERE a.id = #{id}
    </update>










    <update id="delete">
        UPDATE it_article SET
        del_flag = #{DEL_FLAG_DELETE}
        WHERE id = #{id}
    </update>
</mapper>