<?xml version="1.0" encoding="UTF-8" ?>
<!DOCTYPE mapper PUBLIC "-//mybatis.org//DTD Mapper 3.0//EN" "http://mybatis.org/dtd/mybatis-3-mapper.dtd">
<mapper namespace="com.itdaima.modules.sys.dao.UserDao">
    <sql id="userColumns">
    	a.id,
    	a.login_name,
    	a.password,
		a.name,
		a.email,
		a.phone,
		a.mobile,
		a.login_ip,
		a.login_date,
		a.remarks,
		a.login_flag,
		a.photo,
		a.create_by AS "createBy.id",
		a.create_date,
		a.update_by AS "updateBy.id",
		a.update_date,
		a.del_flag
    </sql>

	<!-- 根据编号获得用户 -->
	<select id="get" resultType="User">
		SELECT
			<include refid="userColumns"/>,
			b.role_id AS "roleId"
		FROM sys_user a
		LEFT JOIN sys_user_role b ON a.id = b.user_id
		WHERE a.id = #{id}
	</select>
	
	<!-- 根据登录名查询用户 -->
	<select id="getByLoginName" resultType="User" parameterType="User">
		SELECT
			<include refid="userColumns"/>
		FROM sys_user a
		WHERE a.login_name = #{loginName} AND a.del_flag = #{DEL_FLAG_NORMAL}
	</select>
	
	<!-- 分页查询用户信息 -->
	<select id="findList" resultType="User">
		SELECT
			<include refid="userColumns"/>
		FROM sys_user a
		WHERE a.del_flag = #{DEL_FLAG_NORMAL}
		<!-- 如果不是超级管理员，则不显示超级管理员用户 -->
		<if test="!currentUser.admin">
			AND a.id != '1'
		</if>
		<if test="loginName != null and loginName != ''">
			AND a.login_name like
					<if test="dbName == 'mysql'">CONCAT('%', #{loginName}, '%')</if>
		</if>
		<if test="name != null and name != ''">
			AND a.name like
					<if test="dbName == 'mysql'">CONCAT('%', #{name}, '%')</if>
		</if>
		<!-- 数据范围过滤 -->
		/*${sqlMap.dsf}*/
		<choose>
			<when test="page !=null and page.orderBy != null and page.orderBy != ''">
				ORDER BY ${page.orderBy}
			</when>
			<otherwise>
				ORDER BY a.name
			</otherwise>
		</choose>
	</select>
	
	<!-- 根据OfficeId获取用户（树查询用户时用） -->
	<select id="findUserByOfficeId" resultType="User" useCache="true">
		SELECT
			a.id, a.name, a.login_name
		FROM sys_user a
		WHERE a.del_flag = #{DEL_FLAG_NORMAL}
			AND a.office_id = #{office.id}
		ORDER BY a.name
	</select>
	
	<!-- 查询全部用户 -->
	<select id="findAllList" resultType="User">
		SELECT
			<include refid="userColumns"/>
		FROM sys_user a
		WHERE a.del_flag = #{DEL_FLAG_NORMAL}
		ORDER BY a.name
	</select>
	
	<!-- 查询全部用户数目 -->
	<select id="findAllCount" resultType="long">
		SELECT
			COUNT(1)
		FROM sys_user a
		WHERE a.del_flag = #{DEL_FLAG_NORMAL}
	</select>
	
	<!-- 插入用户 -->
	<insert id="insert">
		INSERT INTO sys_user(
			id,
			login_name, 
			password,
			name, 
			email, 
			phone, 
			mobile,
			create_by, 
			create_date, 
			update_by, 
			update_date, 
			remarks, 
			login_flag, 
			photo, 
			del_flag
		) VALUES (
			#{id},
			#{loginName}, 
			#{password},
			#{name}, 
			#{email}, 
			#{phone}, 
			#{mobile},
			#{createBy.id}, 
			#{createDate}, 
			#{updateBy.id}, 
			#{updateDate}, 
			#{remarks}, 
			#{loginFlag}, 
			#{photo}, 
			#{delFlag}
		)
	</insert>
	
	<!-- 更新用户 -->
	<update id="update">
		UPDATE sys_user SET
			login_name = #{loginName}, 
			password = #{password},
			name = #{name}, 
			email = #{email}, 
			phone = #{phone}, 
			mobile = #{mobile},
			update_by = #{updateBy.id}, 
			update_date = #{updateDate}, 
			remarks = #{remarks},
			login_flag = #{loginFlag},
			photo = #{photo}
		WHERE id = #{id}
	</update>
	
	<!-- 删除用户和角色关联表数据 -->
	<delete id="deleteUserRole">
		DELETE FROM sys_user_role WHERE user_id = #{id}
	</delete>
	
	<!-- 插入用户和角色关联表数据 -->
	<insert id="insertUserRole">
		INSERT INTO sys_user_role(user_id, role_id)
			VALUES (#{id},#{roleId})
	</insert>
	
	<!-- 更新用户信息  -->
	<update id="updateUserInfo">
		UPDATE sys_user SET 
			email = #{email}, 
			phone = #{phone}, 
			mobile = #{mobile}, 
			update_by = #{updateBy.id}, 
			update_date = #{updateDate}, 
			remarks = #{remarks},
			photo = #{photo}
		WHERE id = #{id}
	</update>
	
	<!-- 更新用户密码 -->
	<update id="updatePasswordById">
		UPDATE sys_user SET 
			password = #{password} 
		WHERE id = #{id}
	</update>
	
	<!-- 更新登录信息，如登录IP、登录时间 -->
	<update id="updateLoginInfo">
		UPDATE sys_user SET 
			login_ip = #{loginIp}, 
			login_Date = #{loginDate} 
		WHERE id = #{id}
	</update>
	
	<!-- 逻辑删除用户 -->
	<update id="delete">
		UPDATE sys_user SET 
			del_flag = #{DEL_FLAG_DELETE}
		WHERE id = #{id}
	</update>
	
</mapper>